{"connections":{":i-MR1-OxZHOpEwAriEk_wz":{"configuredProperties":{"password":"»ENC:7738adfd236ae63002f3a902c758ccac8dd21385a472c73c95233fabeffc21de","url":"jdbc:postgresql://postgresql.service.svc:5432/sampledb","user":"sa"},"connector":{"actions":[{"actionType":"connector","description":"Invoke SQL to obtain, store, update, or delete data.","descriptor":{"componentScheme":"sql","connectorCustomizers":["io.syndesis.connector.sql.customizer.SqlConnectorCustomizer"],"inputDataShape":{"kind":"json-schema"},"outputDataShape":{"kind":"json-schema"},"propertyDefinitionSteps":[{"description":"Enter a SQL statement that starts with INSERT, SELECT, UPDATE or DELETE.","name":"SQL statement","properties":{"batch":{"defaultValue":false,"deprecated":false,"displayName":"Batch update","group":"common","javaType":"java.lang.Boolean","kind":"property","labelHint":"Use prepared statements for INSERT, UPDATE, DELETE in order to update multiple rows with batch update.","order":2,"required":false,"secret":false,"type":"boolean"},"query":{"deprecated":false,"displayName":"SQL statement","group":"common","javaType":"java.lang.String","kind":"path","labelHint":"SQL statement to be executed. Can contain input parameters prefixed by ':#'.","order":1,"placeholder":"for example ':#MYPARAMNAME'","required":true,"secret":false,"type":"dataList"},"raiseErrorOnNotFound":{"defaultValue":false,"deprecated":false,"displayName":"Raise error when record not found","group":"common","javaType":"java.lang.Boolean","kind":"property","labelHint":"Error when no records are selected, updated or deleted","order":3,"required":false,"secret":false,"type":"boolean"}}}],"standardizedErrors":[{"displayName":"DataAccessError","name":"DATA_ACCESS_ERROR"},{"displayName":"EntityNotFoundError","name":"ENTITY_NOT_FOUND_ERROR"},{"displayName":"DuplicateKeyError","name":"DUPLICATE_KEY_ERROR"},{"displayName":"ConnectorError","name":"CONNECTOR_ERROR"}]},"id":"sql-connector","name":"Invoke SQL","pattern":"To","tags":["dynamic"]},{"actionType":"connector","description":"Periodically invoke SQL to obtain data.","descriptor":{"componentScheme":"sql","connectorCustomizers":["io.syndesis.connector.sql.customizer.SqlStartConnectorCustomizer"],"inputDataShape":{"kind":"none"},"outputDataShape":{"kind":"json-schema"},"propertyDefinitionSteps":[{"description":"Enter a SQL statement that returns results, such as SELECT.","name":"SQL statement","properties":{"isRaiseErrorOnNotFound":{"deprecated":false,"displayName":"Raise NotFoundError","group":"consumer","javaType":"java.lang.Boolean","kind":"parameter","labelHint":"Raise NotFoundError if no records are inserted, updated, selected or deleted","order":3,"required":false,"secret":false,"type":"boolean"},"query":{"deprecated":false,"displayName":"SQL statement","group":"common","javaType":"java.lang.String","kind":"path","labelHint":"SQL statement to be executed.","order":1,"required":true,"secret":false,"type":"dataList"},"schedulerExpression":{"defaultValue":60000,"deprecated":false,"displayName":"Period","group":"consumer","javaType":"long","kind":"parameter","labelHint":"Delay between scheduling (executing).","order":2,"required":false,"secret":false,"type":"duration"}}}]},"id":"sql-start-connector","name":"Periodic SQL invocation","pattern":"From","tags":["dynamic"]},{"actionType":"connector","description":"Invoke a stored procedure.","descriptor":{"componentScheme":"sql-stored","connectorCustomizers":["io.syndesis.connector.sql.customizer.SqlStoredConnectorCustomizer"],"inputDataShape":{"kind":"json-schema"},"outputDataShape":{"kind":"json-schema"},"propertyDefinitionSteps":[{"description":"Select the stored procedure.","name":"Procedure name","properties":{"procedureName":{"componentProperty":true,"deprecated":false,"displayName":"Procedure name","group":"common","javaType":"java.lang.String","kind":"property","labelHint":"Name of the stored procedure.","required":false,"secret":false,"type":"select"},"template":{"componentProperty":false,"deprecated":false,"displayName":"Template","group":"producer","javaType":"java.lang.String","kind":"path","labelHint":"Stored procedure template to perform.","required":false,"secret":false,"type":"hidden"}}}]},"id":"sql-stored-connector","name":"Invoke stored procedure","pattern":"To","tags":["dynamic"]},{"actionType":"connector","description":"Periodically invoke a stored procedure.","descriptor":{"componentScheme":"sql-stored","connectorCustomizers":["io.syndesis.connector.sql.customizer.SqlStartStoredConnectorCustomizer"],"inputDataShape":{"kind":"none"},"outputDataShape":{"kind":"json-schema"},"propertyDefinitionSteps":[{"description":"Select the stored procedure.","name":"Procedure name","properties":{"procedureName":{"componentProperty":true,"deprecated":false,"displayName":"Procedure name","group":"producer","javaType":"java.lang.String","kind":"path","labelHint":"Name of the stored procedure.","required":true,"secret":false,"type":"select"},"schedulerExpression":{"defaultValue":60000,"deprecated":false,"displayName":"Period","group":"consumer","javaType":"long","kind":"parameter","labelHint":"Delay between scheduling (executing).","required":false,"secret":false,"type":"duration"},"template":{"componentProperty":false,"deprecated":false,"displayName":"Template","group":"producer","javaType":"java.lang.String","kind":"path","labelHint":"Stored Procedure template to perform.","required":true,"secret":false,"type":"hidden"}}}]},"id":"sql-stored-start-connector","name":"Periodic stored procedure invocation","pattern":"From","tags":["dynamic"]}],"connectorCustomizers":["io.syndesis.connector.sql.customizer.DataSourceCustomizer"],"dependencies":[{"id":"io.syndesis.connector:connector-sql:1.11.0.fuse-780011-redhat-00001","type":"MAVEN"},{"id":"jdbc-driver","type":"EXTENSION_TAG"}],"description":"Invoke SQL to obtain, store, update, or delete data.","icon":"assets:sql.svg","id":"sql","name":"Database","properties":{"password":{"componentProperty":true,"deprecated":false,"displayName":"Password","group":"security","javaType":"java.lang.String","kind":"property","label":"common,security","labelHint":"Password for the database connection.","order":3,"required":true,"secret":true,"type":"string"},"schema":{"componentProperty":true,"deprecated":false,"displayName":"Schema","group":"common","javaType":"java.lang.String","kind":"property","label":"common","labelHint":"Database schema.","order":4,"required":false,"secret":false,"type":"string"},"url":{"componentProperty":true,"deprecated":false,"displayName":"Connection URL","group":"common","javaType":"java.lang.String","kind":"property","labelHint":"JDBC URL of the database.","order":1,"required":true,"secret":false,"type":"string"},"user":{"componentProperty":true,"deprecated":false,"displayName":"Username","group":"common","javaType":"java.lang.String","kind":"property","labelHint":"Username for the database connection.","order":2,"required":true,"secret":false,"type":"string"}},"tags":["verifier"],"version":1},"connectorId":"sql","createdDate":1610646396765,"description":"Invoke SQL to obtain, store, update, or delete data.","icon":"assets:sql.svg","id":"i-MR1-OxZHOpEwAriEk_wz","isDerived":false,"lastUpdated":1610673025735,"name":"Alerts Database","userId":"kube:admin","uses":0},":i-MR1-cRgHOpEwAriEk_yz":{"configuredProperties":{"brokerUrl":"tcp://broker-amq-tcp.service.svc:61616","password":"»ENC:a12f74e1cbb652fbb5177c469763c6e1d53f3981b9635aea3c2777c1cc3e844c","skipCertificateCheck":"false","username":"admin"},"connector":{"actions":[{"actionType":"connector","description":"Send data to the destination you specify.","descriptor":{"componentScheme":"sjms","inputDataShape":{"kind":"any"},"outputDataShape":{"kind":"none"},"propertyDefinitionSteps":[{"description":"Specify AMQ Connection Factory properties, including Queue or Topic Name","name":"Select the JMS Destination","properties":{"destinationName":{"componentProperty":false,"deprecated":false,"description":"Name of the queue or topic to send data to.","displayName":"Destination name","group":"common","javaType":"java.lang.String","kind":"path","order":1,"required":true,"secret":false,"type":"string"},"destinationType":{"componentProperty":false,"defaultValue":"topic","deprecated":false,"displayName":"Destination type","enum":[{"label":"Topic","value":"topic"},{"label":"Queue","value":"queue"}],"group":"common","javaType":"java.lang.String","kind":"path","labelHint":"By default, the destination is a topic.","order":2,"required":false,"secret":false,"type":"string"},"persistent":{"componentProperty":false,"defaultValue":true,"deprecated":false,"displayName":"Persistent","group":"producer","javaType":"boolean","kind":"parameter","label":"producer","labelHint":"Message delivery is guaranteed when Persistent is selected.","order":3,"required":false,"secret":false,"type":"boolean"}}}]},"id":"io.syndesis.connector:connector-activemq-publish","name":"Publish messages","pattern":"To"},{"actionType":"connector","description":"Receive data from the destination you specify.","descriptor":{"componentScheme":"sjms","inputDataShape":{"kind":"none"},"outputDataShape":{"kind":"any"},"propertyDefinitionSteps":[{"description":"Specify AMQ Connection Factory properties, including Queue or Topic Name","name":"Select the JMS Destination","properties":{"destinationName":{"componentProperty":false,"deprecated":false,"description":"Name of the queue or topic to receive data from.","displayName":"Destination name","group":"common","javaType":"java.lang.String","kind":"path","order":1,"required":true,"secret":false,"type":"string"},"destinationType":{"componentProperty":false,"defaultValue":"topic","deprecated":false,"displayName":"Destination type","enum":[{"label":"Topic","value":"topic"},{"label":"Queue","value":"queue"}],"group":"common","javaType":"java.lang.String","kind":"path","labelHint":"By default, the destination is a topic.","order":2,"required":false,"secret":false,"type":"string"},"durableSubscriptionId":{"componentProperty":false,"deprecated":false,"displayName":"Durable subscription ID","group":"consumer","javaType":"java.lang.String","kind":"parameter","label":"consumer","labelHint":"Set the ID that lets connections close and reopen without missing messages. Connection type must be a topic.","order":3,"required":false,"secret":false,"type":"string"},"messageSelector":{"componentProperty":false,"deprecated":false,"displayName":"Message selector","group":"consumer (advanced)","javaType":"java.lang.String","kind":"parameter","label":"consumer,advanced","labelHint":"Specify a filter expression to receive only data that meets certain criteria.","order":4,"required":false,"secret":false,"type":"string"}}}]},"id":"io.syndesis.connector:connector-activemq-subscribe","name":"Subscribe for messages","pattern":"From"},{"actionType":"connector","description":"Send data to the destination you specify and receive a response.","descriptor":{"componentScheme":"sjms","configuredProperties":{"exchangePattern":"InOut"},"inputDataShape":{"kind":"any"},"outputDataShape":{"kind":"any"},"propertyDefinitionSteps":[{"description":"Specify AMQ Connection Factory properties, including Queue or Topic Name","name":"Select the JMS Destination","properties":{"destinationName":{"componentProperty":false,"deprecated":false,"description":"Name of the queue or topic to send data to.","displayName":"Destination name","group":"common","javaType":"java.lang.String","kind":"path","order":1,"required":true,"secret":false,"type":"string"},"destinationType":{"componentProperty":false,"defaultValue":"topic","deprecated":false,"displayName":"Destination type","enum":[{"label":"Topic","value":"topic"},{"label":"Queue","value":"queue"}],"group":"common","javaType":"java.lang.String","kind":"path","labelHint":"By default, the destination is a topic.","order":2,"required":false,"secret":false,"type":"string"},"messageSelector":{"componentProperty":false,"deprecated":false,"displayName":"Message selector","group":"consumer (advanced)","javaType":"java.lang.String","kind":"parameter","label":"consumer,advanced","labelHint":"Specify a filter expression to receive only responses that meet certain criteria.","order":3,"required":false,"secret":false,"type":"string"},"namedReplyTo":{"componentProperty":false,"deprecated":false,"displayName":"Named reply to","group":"producer","javaType":"java.lang.String","kind":"parameter","label":"producer","labelHint":"The destination sends the response to this queue or topic.","order":4,"required":false,"secret":false,"type":"string"},"persistent":{"componentProperty":false,"defaultValue":true,"deprecated":false,"displayName":"Persistent","group":"producer","javaType":"boolean","kind":"parameter","label":"producer","labelHint":"Message delivery is guaranteed when Persistent is selected.","order":5,"required":false,"secret":false,"type":"boolean"},"responseTimeOut":{"componentProperty":false,"defaultValue":5000,"deprecated":false,"displayName":"Response time out","group":"producer (advanced)","javaType":"long","kind":"parameter","label":"producer,advanced","labelHint":"Amount of time a connection waits for a response message before throwing a runtime exception.","order":6,"required":false,"secret":false,"type":"integer"}}}]},"id":"io.syndesis.connector:connector-activemq-request","name":"Request response using messages","pattern":"Pipe"}],"connectorFactory":"io.syndesis.connector.activemq.ActiveMQConnectorFactory","dependencies":[{"id":"io.syndesis.connector:connector-activemq:1.11.0.fuse-780011-redhat-00001","type":"MAVEN"}],"description":"Subscribe for and publish messages.","icon":"assets:activemq.svg","id":"activemq","name":"Red Hat AMQ","properties":{"brokerCertificate":{"componentProperty":true,"deprecated":false,"description":"Red Hat AMQ Broker X.509 PEM Certificate","displayName":"Broker certificate","group":"security","javaType":"java.lang.String","kind":"property","label":"common,security","order":6,"relation":[{"action":"ENABLE","when":[{"id":"skipCertificateCheck","value":"false"}]}],"required":false,"secret":false,"type":"textarea"},"brokerUrl":{"componentProperty":true,"deprecated":false,"displayName":"Broker URL","group":"common","javaType":"java.lang.String","kind":"property","label":"common","labelHint":"Location to send data to or obtain data from.","order":1,"placeholder":"for example, failover://ssl://{BROKER-HOST}:{BROKER-PORT}","required":true,"secret":false,"type":"string"},"clientCertificate":{"componentProperty":true,"deprecated":false,"description":"Red Hat AMQ Client X.509 PEM Certificate","displayName":"Client certificate","group":"security","javaType":"java.lang.String","kind":"property","label":"common,security","order":7,"relation":[{"action":"ENABLE","when":[{"id":"skipCertificateCheck","value":"false"}]}],"required":false,"secret":false,"type":"textarea"},"clientID":{"componentProperty":true,"deprecated":false,"displayName":"Client ID","group":"security","javaType":"java.lang.String","kind":"property","label":"common,security","labelHint":"Required for connections to close and reopen without missing messages. Connection destination must be a topic.","order":4,"required":false,"secret":false,"type":"string"},"password":{"componentProperty":true,"deprecated":false,"displayName":"Password","group":"security","javaType":"java.lang.String","kind":"property","label":"common,security","labelHint":"Password for the specified user account.","order":3,"required":false,"secret":true,"type":"string"},"skipCertificateCheck":{"componentProperty":true,"defaultValue":"false","deprecated":false,"displayName":"Check certificates","enum":[{"label":"Disable","value":"true"},{"label":"Enable","value":"false"}],"group":"security","javaType":"java.lang.String","kind":"property","label":"common,security","labelHint":"Ensure certificate checks are enabled for secure production environments. Disable for convenience in only development environments.","order":5,"required":false,"secret":false,"type":"string"},"username":{"componentProperty":true,"deprecated":false,"displayName":"User name","group":"security","javaType":"java.lang.String","kind":"property","label":"common,security","labelHint":"Access the broker with this user’s authorization credentials.","order":2,"required":false,"secret":false,"type":"string"}},"tags":["verifier"],"version":1},"connectorId":"activemq","createdDate":1610646456108,"description":"Subscribe for and publish messages.","icon":"assets:activemq.svg","id":"i-MR1-cRgHOpEwAriEk_yz","isDerived":false,"lastUpdated":1610646456108,"name":"Alerts AMQ","userId":"kube:admin","uses":0}},"connectors":{":activemq":{"actions":[{"actionType":"connector","description":"Send data to the destination you specify.","descriptor":{"componentScheme":"sjms","inputDataShape":{"kind":"any"},"outputDataShape":{"kind":"none"},"propertyDefinitionSteps":[{"description":"Specify AMQ Connection Factory properties, including Queue or Topic Name","name":"Select the JMS Destination","properties":{"destinationName":{"componentProperty":false,"deprecated":false,"description":"Name of the queue or topic to send data to.","displayName":"Destination name","group":"common","javaType":"java.lang.String","kind":"path","order":1,"required":true,"secret":false,"type":"string"},"destinationType":{"componentProperty":false,"defaultValue":"topic","deprecated":false,"displayName":"Destination type","enum":[{"label":"Topic","value":"topic"},{"label":"Queue","value":"queue"}],"group":"common","javaType":"java.lang.String","kind":"path","labelHint":"By default, the destination is a topic.","order":2,"required":false,"secret":false,"type":"string"},"persistent":{"componentProperty":false,"defaultValue":true,"deprecated":false,"displayName":"Persistent","group":"producer","javaType":"boolean","kind":"parameter","label":"producer","labelHint":"Message delivery is guaranteed when Persistent is selected.","order":3,"required":false,"secret":false,"type":"boolean"}}}]},"id":"io.syndesis.connector:connector-activemq-publish","name":"Publish messages","pattern":"To"},{"actionType":"connector","description":"Receive data from the destination you specify.","descriptor":{"componentScheme":"sjms","inputDataShape":{"kind":"none"},"outputDataShape":{"kind":"any"},"propertyDefinitionSteps":[{"description":"Specify AMQ Connection Factory properties, including Queue or Topic Name","name":"Select the JMS Destination","properties":{"destinationName":{"componentProperty":false,"deprecated":false,"description":"Name of the queue or topic to receive data from.","displayName":"Destination name","group":"common","javaType":"java.lang.String","kind":"path","order":1,"required":true,"secret":false,"type":"string"},"destinationType":{"componentProperty":false,"defaultValue":"topic","deprecated":false,"displayName":"Destination type","enum":[{"label":"Topic","value":"topic"},{"label":"Queue","value":"queue"}],"group":"common","javaType":"java.lang.String","kind":"path","labelHint":"By default, the destination is a topic.","order":2,"required":false,"secret":false,"type":"string"},"durableSubscriptionId":{"componentProperty":false,"deprecated":false,"displayName":"Durable subscription ID","group":"consumer","javaType":"java.lang.String","kind":"parameter","label":"consumer","labelHint":"Set the ID that lets connections close and reopen without missing messages. Connection type must be a topic.","order":3,"required":false,"secret":false,"type":"string"},"messageSelector":{"componentProperty":false,"deprecated":false,"displayName":"Message selector","group":"consumer (advanced)","javaType":"java.lang.String","kind":"parameter","label":"consumer,advanced","labelHint":"Specify a filter expression to receive only data that meets certain criteria.","order":4,"required":false,"secret":false,"type":"string"}}}]},"id":"io.syndesis.connector:connector-activemq-subscribe","name":"Subscribe for messages","pattern":"From"},{"actionType":"connector","description":"Send data to the destination you specify and receive a response.","descriptor":{"componentScheme":"sjms","configuredProperties":{"exchangePattern":"InOut"},"inputDataShape":{"kind":"any"},"outputDataShape":{"kind":"any"},"propertyDefinitionSteps":[{"description":"Specify AMQ Connection Factory properties, including Queue or Topic Name","name":"Select the JMS Destination","properties":{"destinationName":{"componentProperty":false,"deprecated":false,"description":"Name of the queue or topic to send data to.","displayName":"Destination name","group":"common","javaType":"java.lang.String","kind":"path","order":1,"required":true,"secret":false,"type":"string"},"destinationType":{"componentProperty":false,"defaultValue":"topic","deprecated":false,"displayName":"Destination type","enum":[{"label":"Topic","value":"topic"},{"label":"Queue","value":"queue"}],"group":"common","javaType":"java.lang.String","kind":"path","labelHint":"By default, the destination is a topic.","order":2,"required":false,"secret":false,"type":"string"},"messageSelector":{"componentProperty":false,"deprecated":false,"displayName":"Message selector","group":"consumer (advanced)","javaType":"java.lang.String","kind":"parameter","label":"consumer,advanced","labelHint":"Specify a filter expression to receive only responses that meet certain criteria.","order":3,"required":false,"secret":false,"type":"string"},"namedReplyTo":{"componentProperty":false,"deprecated":false,"displayName":"Named reply to","group":"producer","javaType":"java.lang.String","kind":"parameter","label":"producer","labelHint":"The destination sends the response to this queue or topic.","order":4,"required":false,"secret":false,"type":"string"},"persistent":{"componentProperty":false,"defaultValue":true,"deprecated":false,"displayName":"Persistent","group":"producer","javaType":"boolean","kind":"parameter","label":"producer","labelHint":"Message delivery is guaranteed when Persistent is selected.","order":5,"required":false,"secret":false,"type":"boolean"},"responseTimeOut":{"componentProperty":false,"defaultValue":5000,"deprecated":false,"displayName":"Response time out","group":"producer (advanced)","javaType":"long","kind":"parameter","label":"producer,advanced","labelHint":"Amount of time a connection waits for a response message before throwing a runtime exception.","order":6,"required":false,"secret":false,"type":"integer"}}}]},"id":"io.syndesis.connector:connector-activemq-request","name":"Request response using messages","pattern":"Pipe"}],"connectorFactory":"io.syndesis.connector.activemq.ActiveMQConnectorFactory","dependencies":[{"id":"io.syndesis.connector:connector-activemq:1.11.0.fuse-780011-redhat-00001","type":"MAVEN"}],"description":"Subscribe for and publish messages.","icon":"assets:activemq.svg","id":"activemq","name":"Red Hat AMQ","properties":{"brokerCertificate":{"componentProperty":true,"deprecated":false,"description":"Red Hat AMQ Broker X.509 PEM Certificate","displayName":"Broker certificate","group":"security","javaType":"java.lang.String","kind":"property","label":"common,security","order":6,"relation":[{"action":"ENABLE","when":[{"id":"skipCertificateCheck","value":"false"}]}],"required":false,"secret":false,"type":"textarea"},"brokerUrl":{"componentProperty":true,"deprecated":false,"displayName":"Broker URL","group":"common","javaType":"java.lang.String","kind":"property","label":"common","labelHint":"Location to send data to or obtain data from.","order":1,"placeholder":"for example, failover://ssl://{BROKER-HOST}:{BROKER-PORT}","required":true,"secret":false,"type":"string"},"clientCertificate":{"componentProperty":true,"deprecated":false,"description":"Red Hat AMQ Client X.509 PEM Certificate","displayName":"Client certificate","group":"security","javaType":"java.lang.String","kind":"property","label":"common,security","order":7,"relation":[{"action":"ENABLE","when":[{"id":"skipCertificateCheck","value":"false"}]}],"required":false,"secret":false,"type":"textarea"},"clientID":{"componentProperty":true,"deprecated":false,"displayName":"Client ID","group":"security","javaType":"java.lang.String","kind":"property","label":"common,security","labelHint":"Required for connections to close and reopen without missing messages. Connection destination must be a topic.","order":4,"required":false,"secret":false,"type":"string"},"password":{"componentProperty":true,"deprecated":false,"displayName":"Password","group":"security","javaType":"java.lang.String","kind":"property","label":"common,security","labelHint":"Password for the specified user account.","order":3,"required":false,"secret":true,"type":"string"},"skipCertificateCheck":{"componentProperty":true,"defaultValue":"false","deprecated":false,"displayName":"Check certificates","enum":[{"label":"Disable","value":"true"},{"label":"Enable","value":"false"}],"group":"security","javaType":"java.lang.String","kind":"property","label":"common,security","labelHint":"Ensure certificate checks are enabled for secure production environments. Disable for convenience in only development environments.","order":5,"required":false,"secret":false,"type":"string"},"username":{"componentProperty":true,"deprecated":false,"displayName":"User name","group":"security","javaType":"java.lang.String","kind":"property","label":"common,security","labelHint":"Access the broker with this user’s authorization credentials.","order":2,"required":false,"secret":false,"type":"string"}},"tags":["verifier"],"version":1},":sql":{"actions":[{"actionType":"connector","description":"Invoke SQL to obtain, store, update, or delete data.","descriptor":{"componentScheme":"sql","connectorCustomizers":["io.syndesis.connector.sql.customizer.SqlConnectorCustomizer"],"inputDataShape":{"kind":"json-schema"},"outputDataShape":{"kind":"json-schema"},"propertyDefinitionSteps":[{"description":"Enter a SQL statement that starts with INSERT, SELECT, UPDATE or DELETE.","name":"SQL statement","properties":{"batch":{"defaultValue":false,"deprecated":false,"displayName":"Batch update","group":"common","javaType":"java.lang.Boolean","kind":"property","labelHint":"Use prepared statements for INSERT, UPDATE, DELETE in order to update multiple rows with batch update.","order":2,"required":false,"secret":false,"type":"boolean"},"query":{"deprecated":false,"displayName":"SQL statement","group":"common","javaType":"java.lang.String","kind":"path","labelHint":"SQL statement to be executed. Can contain input parameters prefixed by ':#'.","order":1,"placeholder":"for example ':#MYPARAMNAME'","required":true,"secret":false,"type":"dataList"},"raiseErrorOnNotFound":{"defaultValue":false,"deprecated":false,"displayName":"Raise error when record not found","group":"common","javaType":"java.lang.Boolean","kind":"property","labelHint":"Error when no records are selected, updated or deleted","order":3,"required":false,"secret":false,"type":"boolean"}}}],"standardizedErrors":[{"displayName":"DataAccessError","name":"DATA_ACCESS_ERROR"},{"displayName":"EntityNotFoundError","name":"ENTITY_NOT_FOUND_ERROR"},{"displayName":"DuplicateKeyError","name":"DUPLICATE_KEY_ERROR"},{"displayName":"ConnectorError","name":"CONNECTOR_ERROR"}]},"id":"sql-connector","name":"Invoke SQL","pattern":"To","tags":["dynamic"]},{"actionType":"connector","description":"Periodically invoke SQL to obtain data.","descriptor":{"componentScheme":"sql","connectorCustomizers":["io.syndesis.connector.sql.customizer.SqlStartConnectorCustomizer"],"inputDataShape":{"kind":"none"},"outputDataShape":{"kind":"json-schema"},"propertyDefinitionSteps":[{"description":"Enter a SQL statement that returns results, such as SELECT.","name":"SQL statement","properties":{"isRaiseErrorOnNotFound":{"deprecated":false,"displayName":"Raise NotFoundError","group":"consumer","javaType":"java.lang.Boolean","kind":"parameter","labelHint":"Raise NotFoundError if no records are inserted, updated, selected or deleted","order":3,"required":false,"secret":false,"type":"boolean"},"query":{"deprecated":false,"displayName":"SQL statement","group":"common","javaType":"java.lang.String","kind":"path","labelHint":"SQL statement to be executed.","order":1,"required":true,"secret":false,"type":"dataList"},"schedulerExpression":{"defaultValue":60000,"deprecated":false,"displayName":"Period","group":"consumer","javaType":"long","kind":"parameter","labelHint":"Delay between scheduling (executing).","order":2,"required":false,"secret":false,"type":"duration"}}}]},"id":"sql-start-connector","name":"Periodic SQL invocation","pattern":"From","tags":["dynamic"]},{"actionType":"connector","description":"Invoke a stored procedure.","descriptor":{"componentScheme":"sql-stored","connectorCustomizers":["io.syndesis.connector.sql.customizer.SqlStoredConnectorCustomizer"],"inputDataShape":{"kind":"json-schema"},"outputDataShape":{"kind":"json-schema"},"propertyDefinitionSteps":[{"description":"Select the stored procedure.","name":"Procedure name","properties":{"procedureName":{"componentProperty":true,"deprecated":false,"displayName":"Procedure name","group":"common","javaType":"java.lang.String","kind":"property","labelHint":"Name of the stored procedure.","required":false,"secret":false,"type":"select"},"template":{"componentProperty":false,"deprecated":false,"displayName":"Template","group":"producer","javaType":"java.lang.String","kind":"path","labelHint":"Stored procedure template to perform.","required":false,"secret":false,"type":"hidden"}}}]},"id":"sql-stored-connector","name":"Invoke stored procedure","pattern":"To","tags":["dynamic"]},{"actionType":"connector","description":"Periodically invoke a stored procedure.","descriptor":{"componentScheme":"sql-stored","connectorCustomizers":["io.syndesis.connector.sql.customizer.SqlStartStoredConnectorCustomizer"],"inputDataShape":{"kind":"none"},"outputDataShape":{"kind":"json-schema"},"propertyDefinitionSteps":[{"description":"Select the stored procedure.","name":"Procedure name","properties":{"procedureName":{"componentProperty":true,"deprecated":false,"displayName":"Procedure name","group":"producer","javaType":"java.lang.String","kind":"path","labelHint":"Name of the stored procedure.","required":true,"secret":false,"type":"select"},"schedulerExpression":{"defaultValue":60000,"deprecated":false,"displayName":"Period","group":"consumer","javaType":"long","kind":"parameter","labelHint":"Delay between scheduling (executing).","required":false,"secret":false,"type":"duration"},"template":{"componentProperty":false,"deprecated":false,"displayName":"Template","group":"producer","javaType":"java.lang.String","kind":"path","labelHint":"Stored Procedure template to perform.","required":true,"secret":false,"type":"hidden"}}}]},"id":"sql-stored-start-connector","name":"Periodic stored procedure invocation","pattern":"From","tags":["dynamic"]}],"connectorCustomizers":["io.syndesis.connector.sql.customizer.DataSourceCustomizer"],"dependencies":[{"id":"io.syndesis.connector:connector-sql:1.11.0.fuse-780011-redhat-00001","type":"MAVEN"},{"id":"jdbc-driver","type":"EXTENSION_TAG"}],"description":"Invoke SQL to obtain, store, update, or delete data.","icon":"assets:sql.svg","id":"sql","name":"Database","properties":{"password":{"componentProperty":true,"deprecated":false,"displayName":"Password","group":"security","javaType":"java.lang.String","kind":"property","label":"common,security","labelHint":"Password for the database connection.","order":3,"required":true,"secret":true,"type":"string"},"schema":{"componentProperty":true,"deprecated":false,"displayName":"Schema","group":"common","javaType":"java.lang.String","kind":"property","label":"common","labelHint":"Database schema.","order":4,"required":false,"secret":false,"type":"string"},"url":{"componentProperty":true,"deprecated":false,"displayName":"Connection URL","group":"common","javaType":"java.lang.String","kind":"property","labelHint":"JDBC URL of the database.","order":1,"required":true,"secret":false,"type":"string"},"user":{"componentProperty":true,"deprecated":false,"displayName":"Username","group":"common","javaType":"java.lang.String","kind":"property","labelHint":"Username for the database connection.","order":2,"required":true,"secret":false,"type":"string"}},"tags":["verifier"],"version":1}},"integrations":{":i-MR12-pqHOpEwAriEka-z":{"createdAt":1610647080310,"flows":[{"id":"-MR1-rPvK4kmKnptH0Ko","steps":[{"action":{"actionType":"connector","description":"Receive data from the destination you specify.","descriptor":{"componentScheme":"sjms","inputDataShape":{"kind":"none"},"outputDataShape":{"kind":"json-instance","metadata":{"userDefined":"true"},"name":"alert","specification":"{\"type\":\"car\",\"contactName\":\"Fake Office McGive\",\"date\":\"11/25/2020\",\"phone\":\"2028909000\",\"email\":\"mcgiver@statepolice.com\",\"description\":\"accident in highway\"}"},"propertyDefinitionSteps":[{"name":"Select the JMS Destination","properties":{"destinationName":{"componentProperty":false,"deprecated":false,"description":"Name of the queue or topic to receive data from.","displayName":"Destination name","group":"common","javaType":"java.lang.String","kind":"path","order":1,"required":true,"secret":false,"type":"string"},"destinationType":{"componentProperty":false,"defaultValue":"topic","deprecated":false,"displayName":"Destination type","enum":[{"label":"Topic","value":"topic"},{"label":"Queue","value":"queue"}],"group":"common","javaType":"java.lang.String","kind":"path","labelHint":"By default, the destination is a topic.","order":2,"required":false,"secret":false,"type":"string"},"durableSubscriptionId":{"componentProperty":false,"deprecated":false,"displayName":"Durable subscription ID","group":"consumer","javaType":"java.lang.String","kind":"parameter","label":"consumer","labelHint":"Set the ID that lets connections close and reopen without missing messages. Connection type must be a topic.","order":3,"required":false,"secret":false,"type":"string"},"messageSelector":{"componentProperty":false,"deprecated":false,"displayName":"Message selector","group":"consumer (advanced)","javaType":"java.lang.String","kind":"parameter","label":"consumer,advanced","labelHint":"Specify a filter expression to receive only data that meets certain criteria.","order":4,"required":false,"secret":false,"type":"string"}}}]},"id":"io.syndesis.connector:connector-activemq-subscribe","name":"Subscribe for messages","pattern":"From"},"configuredProperties":{"destinationName":"alert","destinationType":"topic"},"connection":{"configuredProperties":{"brokerUrl":"tcp://broker-amq-tcp.service.svc:61616","password":"»ENC:a12f74e1cbb652fbb5177c469763c6e1d53f3981b9635aea3c2777c1cc3e844c","skipCertificateCheck":"false","username":"admin"},"connector":{"actions":[{"actionType":"connector","description":"Send data to the destination you specify.","descriptor":{"componentScheme":"sjms","inputDataShape":{"kind":"any"},"outputDataShape":{"kind":"none"},"propertyDefinitionSteps":[{"description":"Specify AMQ Connection Factory properties, including Queue or Topic Name","name":"Select the JMS Destination","properties":{"destinationName":{"componentProperty":false,"deprecated":false,"description":"Name of the queue or topic to send data to.","displayName":"Destination name","group":"common","javaType":"java.lang.String","kind":"path","order":1,"required":true,"secret":false,"type":"string"},"destinationType":{"componentProperty":false,"defaultValue":"topic","deprecated":false,"displayName":"Destination type","enum":[{"label":"Topic","value":"topic"},{"label":"Queue","value":"queue"}],"group":"common","javaType":"java.lang.String","kind":"path","labelHint":"By default, the destination is a topic.","order":2,"required":false,"secret":false,"type":"string"},"persistent":{"componentProperty":false,"defaultValue":true,"deprecated":false,"displayName":"Persistent","group":"producer","javaType":"boolean","kind":"parameter","label":"producer","labelHint":"Message delivery is guaranteed when Persistent is selected.","order":3,"required":false,"secret":false,"type":"boolean"}}}]},"id":"io.syndesis.connector:connector-activemq-publish","name":"Publish messages","pattern":"To"},{"actionType":"connector","description":"Receive data from the destination you specify.","descriptor":{"componentScheme":"sjms","inputDataShape":{"kind":"none"},"outputDataShape":{"kind":"any"},"propertyDefinitionSteps":[{"description":"Specify AMQ Connection Factory properties, including Queue or Topic Name","name":"Select the JMS Destination","properties":{"destinationName":{"componentProperty":false,"deprecated":false,"description":"Name of the queue or topic to receive data from.","displayName":"Destination name","group":"common","javaType":"java.lang.String","kind":"path","order":1,"required":true,"secret":false,"type":"string"},"destinationType":{"componentProperty":false,"defaultValue":"topic","deprecated":false,"displayName":"Destination type","enum":[{"label":"Topic","value":"topic"},{"label":"Queue","value":"queue"}],"group":"common","javaType":"java.lang.String","kind":"path","labelHint":"By default, the destination is a topic.","order":2,"required":false,"secret":false,"type":"string"},"durableSubscriptionId":{"componentProperty":false,"deprecated":false,"displayName":"Durable subscription ID","group":"consumer","javaType":"java.lang.String","kind":"parameter","label":"consumer","labelHint":"Set the ID that lets connections close and reopen without missing messages. Connection type must be a topic.","order":3,"required":false,"secret":false,"type":"string"},"messageSelector":{"componentProperty":false,"deprecated":false,"displayName":"Message selector","group":"consumer (advanced)","javaType":"java.lang.String","kind":"parameter","label":"consumer,advanced","labelHint":"Specify a filter expression to receive only data that meets certain criteria.","order":4,"required":false,"secret":false,"type":"string"}}}]},"id":"io.syndesis.connector:connector-activemq-subscribe","name":"Subscribe for messages","pattern":"From"},{"actionType":"connector","description":"Send data to the destination you specify and receive a response.","descriptor":{"componentScheme":"sjms","configuredProperties":{"exchangePattern":"InOut"},"inputDataShape":{"kind":"any"},"outputDataShape":{"kind":"any"},"propertyDefinitionSteps":[{"description":"Specify AMQ Connection Factory properties, including Queue or Topic Name","name":"Select the JMS Destination","properties":{"destinationName":{"componentProperty":false,"deprecated":false,"description":"Name of the queue or topic to send data to.","displayName":"Destination name","group":"common","javaType":"java.lang.String","kind":"path","order":1,"required":true,"secret":false,"type":"string"},"destinationType":{"componentProperty":false,"defaultValue":"topic","deprecated":false,"displayName":"Destination type","enum":[{"label":"Topic","value":"topic"},{"label":"Queue","value":"queue"}],"group":"common","javaType":"java.lang.String","kind":"path","labelHint":"By default, the destination is a topic.","order":2,"required":false,"secret":false,"type":"string"},"messageSelector":{"componentProperty":false,"deprecated":false,"displayName":"Message selector","group":"consumer (advanced)","javaType":"java.lang.String","kind":"parameter","label":"consumer,advanced","labelHint":"Specify a filter expression to receive only responses that meet certain criteria.","order":3,"required":false,"secret":false,"type":"string"},"namedReplyTo":{"componentProperty":false,"deprecated":false,"displayName":"Named reply to","group":"producer","javaType":"java.lang.String","kind":"parameter","label":"producer","labelHint":"The destination sends the response to this queue or topic.","order":4,"required":false,"secret":false,"type":"string"},"persistent":{"componentProperty":false,"defaultValue":true,"deprecated":false,"displayName":"Persistent","group":"producer","javaType":"boolean","kind":"parameter","label":"producer","labelHint":"Message delivery is guaranteed when Persistent is selected.","order":5,"required":false,"secret":false,"type":"boolean"},"responseTimeOut":{"componentProperty":false,"defaultValue":5000,"deprecated":false,"displayName":"Response time out","group":"producer (advanced)","javaType":"long","kind":"parameter","label":"producer,advanced","labelHint":"Amount of time a connection waits for a response message before throwing a runtime exception.","order":6,"required":false,"secret":false,"type":"integer"}}}]},"id":"io.syndesis.connector:connector-activemq-request","name":"Request response using messages","pattern":"Pipe"}],"connectorFactory":"io.syndesis.connector.activemq.ActiveMQConnectorFactory","dependencies":[{"id":"io.syndesis.connector:connector-activemq:1.11.0.fuse-780011-redhat-00001","type":"MAVEN"}],"description":"Subscribe for and publish messages.","icon":"assets:activemq.svg","id":"activemq","name":"Red Hat AMQ","properties":{"brokerCertificate":{"componentProperty":true,"deprecated":false,"description":"Red Hat AMQ Broker X.509 PEM Certificate","displayName":"Broker certificate","group":"security","javaType":"java.lang.String","kind":"property","label":"common,security","order":6,"relation":[{"action":"ENABLE","when":[{"id":"skipCertificateCheck","value":"false"}]}],"required":false,"secret":false,"type":"textarea"},"brokerUrl":{"componentProperty":true,"deprecated":false,"displayName":"Broker URL","group":"common","javaType":"java.lang.String","kind":"property","label":"common","labelHint":"Location to send data to or obtain data from.","order":1,"placeholder":"for example, failover://ssl://{BROKER-HOST}:{BROKER-PORT}","required":true,"secret":false,"type":"string"},"clientCertificate":{"componentProperty":true,"deprecated":false,"description":"Red Hat AMQ Client X.509 PEM Certificate","displayName":"Client certificate","group":"security","javaType":"java.lang.String","kind":"property","label":"common,security","order":7,"relation":[{"action":"ENABLE","when":[{"id":"skipCertificateCheck","value":"false"}]}],"required":false,"secret":false,"type":"textarea"},"clientID":{"componentProperty":true,"deprecated":false,"displayName":"Client ID","group":"security","javaType":"java.lang.String","kind":"property","label":"common,security","labelHint":"Required for connections to close and reopen without missing messages. Connection destination must be a topic.","order":4,"required":false,"secret":false,"type":"string"},"password":{"componentProperty":true,"deprecated":false,"displayName":"Password","group":"security","javaType":"java.lang.String","kind":"property","label":"common,security","labelHint":"Password for the specified user account.","order":3,"required":false,"secret":true,"type":"string"},"skipCertificateCheck":{"componentProperty":true,"defaultValue":"false","deprecated":false,"displayName":"Check certificates","enum":[{"label":"Disable","value":"true"},{"label":"Enable","value":"false"}],"group":"security","javaType":"java.lang.String","kind":"property","label":"common,security","labelHint":"Ensure certificate checks are enabled for secure production environments. Disable for convenience in only development environments.","order":5,"required":false,"secret":false,"type":"string"},"username":{"componentProperty":true,"deprecated":false,"displayName":"User name","group":"security","javaType":"java.lang.String","kind":"property","label":"common,security","labelHint":"Access the broker with this user’s authorization credentials.","order":2,"required":false,"secret":false,"type":"string"}},"tags":["verifier"],"version":1},"connectorId":"activemq","createdDate":1610646456108,"description":"Subscribe for and publish messages.","icon":"assets:activemq.svg","id":"i-MR1-cRgHOpEwAriEk_yz","isDerived":false,"lastUpdated":1610646456108,"name":"Alerts AMQ","userId":"kube:admin","uses":0},"id":"-MR109DEK4kmKnptH0Ko","metadata":{"configured":"true"},"stepKind":"endpoint"},{"action":{"actionType":"step","descriptor":{"inputDataShape":{"kind":"any","name":"All preceding outputs"},"outputDataShape":{"description":"Parameters of SQL [insert into alert (type, contactName, date, phone, email, description) VALUES (:#type, :#contactName, :#date, :#phone, :#email, :#description)]","kind":"json-schema","metadata":{"variant":"element"},"name":"SQL Parameter","specification":"{\"type\":\"object\",\"$schema\":\"http://json-schema.org/schema#\",\"title\":\"SQL_PARAM_IN\",\"properties\":{\"type\":{\"type\":\"string\",\"required\":true},\"contactName\":{\"type\":\"string\",\"required\":true},\"date\":{\"type\":\"string\",\"required\":true},\"phone\":{\"type\":\"string\",\"required\":true},\"email\":{\"type\":\"string\",\"required\":true},\"description\":{\"type\":\"string\",\"required\":true}}}","type":"SQL_PARAM_IN"}}},"configuredProperties":{"atlasmapping":"{\"AtlasMapping\":{\"jsonType\":\"io.atlasmap.v2.AtlasMapping\",\"dataSource\":[{\"jsonType\":\"io.atlasmap.json.v2.JsonDataSource\",\"id\":\"-MR109DEK4kmKnptH0Ko\",\"uri\":\"atlas:json:-MR109DEK4kmKnptH0Ko\",\"dataSourceType\":\"SOURCE\"},{\"jsonType\":\"io.atlasmap.json.v2.JsonDataSource\",\"id\":\"-MR11JElK4kmKnptH0Ko\",\"uri\":\"atlas:json:-MR11JElK4kmKnptH0Ko\",\"dataSourceType\":\"TARGET\",\"template\":null}],\"mappings\":{\"mapping\":[{\"jsonType\":\"io.atlasmap.v2.Mapping\",\"id\":\"mapping.864600\",\"inputField\":[{\"jsonType\":\"io.atlasmap.json.v2.JsonField\",\"name\":\"contactName\",\"path\":\"/contactName\",\"fieldType\":\"STRING\",\"docId\":\"-MR109DEK4kmKnptH0Ko\",\"userCreated\":false}],\"outputField\":[{\"jsonType\":\"io.atlasmap.json.v2.JsonField\",\"name\":\"contactName\",\"path\":\"/contactName\",\"fieldType\":\"STRING\",\"docId\":\"-MR11JElK4kmKnptH0Ko\",\"userCreated\":false}]},{\"jsonType\":\"io.atlasmap.v2.Mapping\",\"id\":\"mapping.949676\",\"inputField\":[{\"jsonType\":\"io.atlasmap.json.v2.JsonField\",\"name\":\"date\",\"path\":\"/date\",\"fieldType\":\"STRING\",\"docId\":\"-MR109DEK4kmKnptH0Ko\",\"userCreated\":false}],\"outputField\":[{\"jsonType\":\"io.atlasmap.json.v2.JsonField\",\"name\":\"date\",\"path\":\"/date\",\"fieldType\":\"STRING\",\"docId\":\"-MR11JElK4kmKnptH0Ko\",\"userCreated\":false}]},{\"jsonType\":\"io.atlasmap.v2.Mapping\",\"id\":\"mapping.525797\",\"inputField\":[{\"jsonType\":\"io.atlasmap.json.v2.JsonField\",\"name\":\"description\",\"path\":\"/description\",\"fieldType\":\"STRING\",\"docId\":\"-MR109DEK4kmKnptH0Ko\",\"userCreated\":false}],\"outputField\":[{\"jsonType\":\"io.atlasmap.json.v2.JsonField\",\"name\":\"description\",\"path\":\"/description\",\"fieldType\":\"STRING\",\"docId\":\"-MR11JElK4kmKnptH0Ko\",\"userCreated\":false}]},{\"jsonType\":\"io.atlasmap.v2.Mapping\",\"id\":\"mapping.782037\",\"inputField\":[{\"jsonType\":\"io.atlasmap.json.v2.JsonField\",\"name\":\"email\",\"path\":\"/email\",\"fieldType\":\"STRING\",\"docId\":\"-MR109DEK4kmKnptH0Ko\",\"userCreated\":false}],\"outputField\":[{\"jsonType\":\"io.atlasmap.json.v2.JsonField\",\"name\":\"email\",\"path\":\"/email\",\"fieldType\":\"STRING\",\"docId\":\"-MR11JElK4kmKnptH0Ko\",\"userCreated\":false}]},{\"jsonType\":\"io.atlasmap.v2.Mapping\",\"id\":\"mapping.18207\",\"inputField\":[{\"jsonType\":\"io.atlasmap.json.v2.JsonField\",\"name\":\"phone\",\"path\":\"/phone\",\"fieldType\":\"STRING\",\"docId\":\"-MR109DEK4kmKnptH0Ko\",\"userCreated\":false}],\"outputField\":[{\"jsonType\":\"io.atlasmap.json.v2.JsonField\",\"name\":\"phone\",\"path\":\"/phone\",\"fieldType\":\"STRING\",\"docId\":\"-MR11JElK4kmKnptH0Ko\",\"userCreated\":false}]},{\"jsonType\":\"io.atlasmap.v2.Mapping\",\"id\":\"mapping.336833\",\"inputField\":[{\"jsonType\":\"io.atlasmap.json.v2.JsonField\",\"name\":\"type\",\"path\":\"/type\",\"fieldType\":\"STRING\",\"docId\":\"-MR109DEK4kmKnptH0Ko\",\"userCreated\":false}],\"outputField\":[{\"jsonType\":\"io.atlasmap.json.v2.JsonField\",\"name\":\"type\",\"path\":\"/type\",\"fieldType\":\"STRING\",\"docId\":\"-MR11JElK4kmKnptH0Ko\",\"userCreated\":false}]}]},\"name\":\"UI.0\",\"lookupTables\":{\"lookupTable\":[]},\"constants\":{\"constant\":[]},\"properties\":{\"property\":[]}}}"},"id":"-MR11otRK4kmKnptH0Ko","metadata":{"configured":"true"},"name":"Data Mapper","stepKind":"mapper"},{"action":{"actionType":"connector","description":"Invoke SQL to obtain, store, update, or delete data.","descriptor":{"componentScheme":"sql","connectorCustomizers":["io.syndesis.connector.sql.customizer.SqlConnectorCustomizer"],"inputDataShape":{"description":"Parameters of SQL [insert into alert (type, contactName, date, phone, email, description) VALUES (:#type, :#contactName, :#date, :#phone, :#email, :#description)]","kind":"json-schema","metadata":{"variant":"element"},"name":"SQL Parameter","specification":"{\"type\":\"object\",\"$schema\":\"http://json-schema.org/schema#\",\"title\":\"SQL_PARAM_IN\",\"properties\":{\"type\":{\"type\":\"string\",\"required\":true},\"contactName\":{\"type\":\"string\",\"required\":true},\"date\":{\"type\":\"string\",\"required\":true},\"phone\":{\"type\":\"string\",\"required\":true},\"email\":{\"type\":\"string\",\"required\":true},\"description\":{\"type\":\"string\",\"required\":true}}}","type":"SQL_PARAM_IN"},"outputDataShape":{"kind":"none","type":"SQL_PARAM_OUT"},"propertyDefinitionSteps":[{"description":"Enter a SQL statement that starts with INSERT, SELECT, UPDATE or DELETE.","name":"SQL statement","properties":{"batch":{"defaultValue":false,"deprecated":false,"displayName":"Batch update","group":"common","javaType":"java.lang.Boolean","kind":"property","labelHint":"Use prepared statements for INSERT, UPDATE, DELETE in order to update multiple rows with batch update.","order":2,"required":false,"secret":false,"type":"boolean"},"query":{"dataList":["insert into alert (type, contactName, date, phone, email, description) VALUES (:#type, :#contactName, :#date, :#phone, :#email, :#description)"],"defaultValue":"insert into alert (type, contactName, date, phone, email, description) VALUES (:#type, :#contactName, :#date, :#phone, :#email, :#description)","deprecated":false,"displayName":"SQL statement","group":"common","javaType":"java.lang.String","kind":"path","labelHint":"SQL statement to be executed. Can contain input parameters prefixed by ':#'.","order":1,"placeholder":"for example ':#MYPARAMNAME'","required":true,"secret":false,"type":"dataList"},"raiseErrorOnNotFound":{"defaultValue":false,"deprecated":false,"displayName":"Raise error when record not found","group":"common","javaType":"java.lang.Boolean","kind":"property","labelHint":"Error when no records are selected, updated or deleted","order":3,"required":false,"secret":false,"type":"boolean"}}}],"standardizedErrors":[{"displayName":"DataAccessError","name":"DATA_ACCESS_ERROR"},{"displayName":"EntityNotFoundError","name":"ENTITY_NOT_FOUND_ERROR"},{"displayName":"DuplicateKeyError","name":"DUPLICATE_KEY_ERROR"},{"displayName":"ConnectorError","name":"CONNECTOR_ERROR"}]},"id":"sql-connector","name":"Invoke SQL","pattern":"To","tags":["dynamic"]},"configuredProperties":{"batch":"false","query":"insert into alert (type, contactName, date, phone, email, description) VALUES (:#type, :#contactName, :#date, :#phone, :#email, :#description) ","raiseErrorOnNotFound":"false"},"connection":{"configuredProperties":{"password":"»ENC:7738adfd236ae63002f3a902c758ccac8dd21385a472c73c95233fabeffc21de","url":"jdbc:postgresql://postgresql.service.svc:5432/sampledb","user":"sa"},"connector":{"actions":[{"actionType":"connector","description":"Invoke SQL to obtain, store, update, or delete data.","descriptor":{"componentScheme":"sql","connectorCustomizers":["io.syndesis.connector.sql.customizer.SqlConnectorCustomizer"],"inputDataShape":{"kind":"json-schema"},"outputDataShape":{"kind":"json-schema"},"propertyDefinitionSteps":[{"description":"Enter a SQL statement that starts with INSERT, SELECT, UPDATE or DELETE.","name":"SQL statement","properties":{"batch":{"defaultValue":false,"deprecated":false,"displayName":"Batch update","group":"common","javaType":"java.lang.Boolean","kind":"property","labelHint":"Use prepared statements for INSERT, UPDATE, DELETE in order to update multiple rows with batch update.","order":2,"required":false,"secret":false,"type":"boolean"},"query":{"deprecated":false,"displayName":"SQL statement","group":"common","javaType":"java.lang.String","kind":"path","labelHint":"SQL statement to be executed. Can contain input parameters prefixed by ':#'.","order":1,"placeholder":"for example ':#MYPARAMNAME'","required":true,"secret":false,"type":"dataList"},"raiseErrorOnNotFound":{"defaultValue":false,"deprecated":false,"displayName":"Raise error when record not found","group":"common","javaType":"java.lang.Boolean","kind":"property","labelHint":"Error when no records are selected, updated or deleted","order":3,"required":false,"secret":false,"type":"boolean"}}}],"standardizedErrors":[{"displayName":"DataAccessError","name":"DATA_ACCESS_ERROR"},{"displayName":"EntityNotFoundError","name":"ENTITY_NOT_FOUND_ERROR"},{"displayName":"DuplicateKeyError","name":"DUPLICATE_KEY_ERROR"},{"displayName":"ConnectorError","name":"CONNECTOR_ERROR"}]},"id":"sql-connector","name":"Invoke SQL","pattern":"To","tags":["dynamic"]},{"actionType":"connector","description":"Periodically invoke SQL to obtain data.","descriptor":{"componentScheme":"sql","connectorCustomizers":["io.syndesis.connector.sql.customizer.SqlStartConnectorCustomizer"],"inputDataShape":{"kind":"none"},"outputDataShape":{"kind":"json-schema"},"propertyDefinitionSteps":[{"description":"Enter a SQL statement that returns results, such as SELECT.","name":"SQL statement","properties":{"isRaiseErrorOnNotFound":{"deprecated":false,"displayName":"Raise NotFoundError","group":"consumer","javaType":"java.lang.Boolean","kind":"parameter","labelHint":"Raise NotFoundError if no records are inserted, updated, selected or deleted","order":3,"required":false,"secret":false,"type":"boolean"},"query":{"deprecated":false,"displayName":"SQL statement","group":"common","javaType":"java.lang.String","kind":"path","labelHint":"SQL statement to be executed.","order":1,"required":true,"secret":false,"type":"dataList"},"schedulerExpression":{"defaultValue":60000,"deprecated":false,"displayName":"Period","group":"consumer","javaType":"long","kind":"parameter","labelHint":"Delay between scheduling (executing).","order":2,"required":false,"secret":false,"type":"duration"}}}]},"id":"sql-start-connector","name":"Periodic SQL invocation","pattern":"From","tags":["dynamic"]},{"actionType":"connector","description":"Invoke a stored procedure.","descriptor":{"componentScheme":"sql-stored","connectorCustomizers":["io.syndesis.connector.sql.customizer.SqlStoredConnectorCustomizer"],"inputDataShape":{"kind":"json-schema"},"outputDataShape":{"kind":"json-schema"},"propertyDefinitionSteps":[{"description":"Select the stored procedure.","name":"Procedure name","properties":{"procedureName":{"componentProperty":true,"deprecated":false,"displayName":"Procedure name","group":"common","javaType":"java.lang.String","kind":"property","labelHint":"Name of the stored procedure.","required":false,"secret":false,"type":"select"},"template":{"componentProperty":false,"deprecated":false,"displayName":"Template","group":"producer","javaType":"java.lang.String","kind":"path","labelHint":"Stored procedure template to perform.","required":false,"secret":false,"type":"hidden"}}}]},"id":"sql-stored-connector","name":"Invoke stored procedure","pattern":"To","tags":["dynamic"]},{"actionType":"connector","description":"Periodically invoke a stored procedure.","descriptor":{"componentScheme":"sql-stored","connectorCustomizers":["io.syndesis.connector.sql.customizer.SqlStartStoredConnectorCustomizer"],"inputDataShape":{"kind":"none"},"outputDataShape":{"kind":"json-schema"},"propertyDefinitionSteps":[{"description":"Select the stored procedure.","name":"Procedure name","properties":{"procedureName":{"componentProperty":true,"deprecated":false,"displayName":"Procedure name","group":"producer","javaType":"java.lang.String","kind":"path","labelHint":"Name of the stored procedure.","required":true,"secret":false,"type":"select"},"schedulerExpression":{"defaultValue":60000,"deprecated":false,"displayName":"Period","group":"consumer","javaType":"long","kind":"parameter","labelHint":"Delay between scheduling (executing).","required":false,"secret":false,"type":"duration"},"template":{"componentProperty":false,"deprecated":false,"displayName":"Template","group":"producer","javaType":"java.lang.String","kind":"path","labelHint":"Stored Procedure template to perform.","required":true,"secret":false,"type":"hidden"}}}]},"id":"sql-stored-start-connector","name":"Periodic stored procedure invocation","pattern":"From","tags":["dynamic"]}],"connectorCustomizers":["io.syndesis.connector.sql.customizer.DataSourceCustomizer"],"dependencies":[{"id":"io.syndesis.connector:connector-sql:1.11.0.fuse-780011-redhat-00001","type":"MAVEN"},{"id":"jdbc-driver","type":"EXTENSION_TAG"}],"description":"Invoke SQL to obtain, store, update, or delete data.","icon":"assets:sql.svg","id":"sql","name":"Database","properties":{"password":{"componentProperty":true,"deprecated":false,"displayName":"Password","group":"security","javaType":"java.lang.String","kind":"property","label":"common,security","labelHint":"Password for the database connection.","order":3,"required":true,"secret":true,"type":"string"},"schema":{"componentProperty":true,"deprecated":false,"displayName":"Schema","group":"common","javaType":"java.lang.String","kind":"property","label":"common","labelHint":"Database schema.","order":4,"required":false,"secret":false,"type":"string"},"url":{"componentProperty":true,"deprecated":false,"displayName":"Connection URL","group":"common","javaType":"java.lang.String","kind":"property","labelHint":"JDBC URL of the database.","order":1,"required":true,"secret":false,"type":"string"},"user":{"componentProperty":true,"deprecated":false,"displayName":"Username","group":"common","javaType":"java.lang.String","kind":"property","labelHint":"Username for the database connection.","order":2,"required":true,"secret":false,"type":"string"}},"tags":["verifier"],"version":1},"connectorId":"sql","createdDate":1610646396765,"description":"Invoke SQL to obtain, store, update, or delete data.","icon":"assets:sql.svg","id":"i-MR1-OxZHOpEwAriEk_wz","isDerived":false,"lastUpdated":1610673025735,"name":"Alerts Database","userId":"kube:admin","uses":0},"id":"-MR11JElK4kmKnptH0Ko","metadata":{"configured":"true"},"stepKind":"endpoint"}],"tags":["i-MR1-OxZHOpEwAriEk_wz","i-MR1-cRgHOpEwAriEk_yz"],"type":"PRIMARY"}],"id":"i-MR12-pqHOpEwAriEka-z","name":"AlertAMQToPostgres","tags":["activemq","sql"],"updatedAt":1610673087549,"version":2}}}